,v_max,k_M,k_I
P112G T1,0.184077084858888,2.73990451615797,200.83552563242606
P112G T2,0.19270110187466302,4.187383006587353,219.2429786660447
P112G T3,0.21428061318833996,4.388949448868929,216.60783678183793
P112G T4,0.17545796075747236,2.1329062347946195,285.2978389457461
P117G T1,0.04211508229203343,3.6296527748579983e-16,2224.4445736382168
P117G T2,0.044540097256799166,0.04408243261675804,4343.8295289744065
P117G T3,0.023339338309053322,5.200439857239645e-22,94441146.92180485
P117G T4,0.0386088616961846,0.7676149350630554,1449.968503005379
L164G T1,0.043752079912331605,1.1583175553702557e-18,782.78182800746
L164G T2,0.044605486606162585,1.1928408087988485,10004.735684120118
L164G T3,0.04675555187826233,4.952268067959536e-19,1035.4137885741711
L164G T4,0.048316442487226344,3.509068661707759e-14,1046.9104224523135
L168G T1,0.11215931279413645,1.662754409460488,387.03550008601184
L168G T2,0.11016521582517795,1.0194149707600413,408.4329048622703
L168G T3,0.13258218208809783,1.5571214965180271,247.72271953664577
L168G T4,0.12177572245505959,1.204736555185663,281.3905769750931
112-168G T1,0.08466043818622894,0.43599003024018257,328.9011185829998
112-168G T2,0.08493998657616648,0.4481394977372788,430.38367199753606
112-168G T3,0.07133264343046428,0.3055448333811233,523.5896967217114
112-168G T4,0.07908604727443472,0.7922966066031628,352.5741904992145
117-164G T1,0.032263785587330535,0.6112329714480833,702275411.2823293
117-164G T2,0.03944881976653583,0.3446927807754052,490600434.48154753
117-164G T3,0.03465041157172069,0.01731748884930962,726878279.0734874
117-164G T4,0.03392890384311024,3.097014994628454e-12,32247.20216160477
