,top,bottom,hillslope,x_0
1_117G_AMP_t1,53.8254338508892,49.78509786577327,0.6005368738886302,0.5735271037384966
2_117G_AMP_t2,51.855956239021396,50.14795374644432,1.290285798253925,0.13252169737634767
3_164G_AMP_t1,54.25128782168993,49.47660966845287,0.9317336228929766,0.5815731135368317
4_164G_AMP_t2,54.02321430278562,48.95407707172939,0.721202434563429,0.3234758498708982
5_117-164G_AMP_t1,0.2031435090868839,47.933333176237284,16.007067710157916,52.39977206672743
6_117-164G_AMP_t2,43.5,47.75,49.5054373970152,13.822598558676146
7_WT_AMP_t1,57.60654215582115,55.477055308889135,1.093243556880992,2.354161027372177
8_WT_AMP_t2,57.49999955418144,55.076923068936274,21.80660981014429,6.468372052292074
9_117G_ATP_t1,36.46502324143776,54.78147454306522,31.116722420196357,330.831243725311
10_117G_ATP_t2,55.91326407175722,1.2599427609485674e-15,0.5692665545955802,3.083137443962666e-05
11_164G_ATP_t1,55.643324242973726,52.01909671194758,1.7133233213533021,0.14198213068375448
12_164G_ATP_t2,55.20516262949802,3.331311060776287e-19,0.3904952440305366,4.638067624896344e-06
13_117-164G_ATP_t1,7.933335628925661,106.11866293819058,0.015948761920277162,7.063724289422702e-09
14_117-164G_ATP_t2,47.68290669892662,58.15465965958292,4.190350043950699,0.000348825560015097
15_WT_ATP_t1,50.690826857988746,56.100000000000534,48.06394626801981,58.103436150781484
16_WT_ATP_t2,40.70033960687894,56.299999858421174,16.25611166130302,63.79495661902158
