,v_max,k_M,k_I
P112G,0.19019624783448252,3.2299255752494864,230.91387769833443
P117G,0.03601073658361485,0.014639559743649633,4576.593530076427
L164G,0.04425385900755587,4.829559095578893e-15,1623.20462970421
L168G,0.11855508223532764,1.3217694196198906,323.2165013106348
112-168G,0.0799104425112095,0.4837137748190104,398.18351966301856
117-164G,0.034985941448645724,0.20526544624483536,719300355.0495306
