,v_max,k_M,k_I
112-168G,0.03736322437032889,0.27667213991548273,271422015.02532065
117-164G,0.03170162143710337,1.4674702315310146,464191135.5497178
WT,0.639718705249274,37.597800193848535,908.9499784906199
112G,0.056726892240756416,9.867933835512599e-19,620.3589698184568
117G,0.02864241750370671,0.4246967146487702,4617.306780564954
164G,0.0354099156046403,2.894516799324761e-12,11989.614883423525
168G,0.05485386050484913,0.1961219036568145,916.54313700272
D118N,0.12592716771028561,2.7397440404069706,255.4374504919581
L82V,0.14787928795369887,2.914500094099936,332.90598975855414
