,top,bottom,hillslope,x_0,
1_L82V-117G_AMP_t1,53.82543385,49.78509787,0.600536874,0.573527104,573.5
2_L82V-117G_AMP_t2,53.72127012,50.15188539,0.931747752,0.656529427,656.5
3_L82V-164G_AMP_t1,54.25128782,49.47660967,0.931733623,0.581573114,581.6
4_L82V-164G_AMP_t2,54.0232143,48.95407707,0.721202435,0.32347585,323.5
5_L82V-117-164G_AMP_t1,50.86530407,47.25157683,1.024090711,1.19334426,1193.3
6_L82V-117-164G_AMP_t2,54.98311218,46.94111922,0.538092896,10.69085441,10690.9
7_WT_AMP_t1,57.60654216,55.47705531,1.093243557,2.354161027,2354.2
8_WT_AMP_t2,57.71135928,55.491587,0.997464016,2.956439366,2956.4
9_L82V-117G_ATP_t1,57.72306874,50.22735747,0.781321104,0.068588218,68.6
10_L82V-117G_ATP_t2,57.97674027,49.90167068,0.698193645,0.066323004,66.3
11_L82V-164G_ATP_t1,55.76573603,49.16312596,0.789217122,0.03638888,36.4
12_L82V-164G_ATP_t2,55.59487941,48.77327886,0.843703073,0.02989537,29.9
13_L82V-117-164G_ATP_t1,54.54159985,46.99938316,0.687644273,0.238828884,238.8
14_L82V-117-164G_ATP_t2,79.8907409,45.95548004,0.333916832,58.80012402,58800.1
15_WT_ATP_t1,60.48635511,55.4958206,0.97238574,0.219198419,219.2
16_WT_ATP_t2,60.56779134,55.55054981,0.87303474,0.261000611,261.0