,v_max,k_M,k_I
112-168G T1,0.026684027511911883,1.3129534546882606,604859146.4609673
112-168G T2,0.03877480181038318,5.70252853541086,588444608.900476
112-168G T3,0.04905756315977221,9.849978375494655e-16,8127.3298125463
112-168G T4,0.05874437357106485,10.549852773930601,490.6674822288077
117-164G T1,0.02975765106148525,2.621909089655132,112610.9712965004
117-164G T2,0.02217529841685517,3.6201981015867175,495681152.16530573
117-164G T3,0.036837890013879375,16.87416440121216,560239485.9738154
117-164G T4,0.039071889748972244,5.575250732529457,582995883.4731005
WT T1,1.5664420468200253,504.5196025413308,270.5019976374894
WT T2,1.5664420468200253,504.5196025413308,270.5019976374894
WT T3,1.458716531010739,493.3237096579363,297.4820794855177
WT T4,3.4199176845446404,1235.9491442903598,106.10655252643691
112G T1,0.04544889198270125,4.6703279129233985e-18,1583.6485405644785
112G T2,0.07150354066809994,3.311923714505728,446.04362448513564
112G T3,0.07542472635869457,3.0610289888733897,628.3602782888626
112G T4,0.07272768669272967,1.3522752276990138,470.82707637796955
117G T1,0.03736958176633104,2.1084692011347217,1859.1986941649332
117G T2,0.03344421390177296,3.3018179279643394,481031702.83056796
117G T3,0.023879871988939837,3.927823237195135e-17,5795.470960970224
117G T4,0.021703939899230997,2.3859017086590604,207146354.50894856
164G T1,0.04497665829711469,0.8382230006024999,828390164.4048538
164G T2,0.036874127880873,9.456926877539325e-17,1646.6774244883197
164G T3,0.030767985127041753,1.3774523179693658e-27,61750136.73400468
164G T4,0.033179037657990074,1.4734345379158835,530326464.62402517
168G T1,0.05109995203677423,1.1767763372110611,718.2062114561355
168G T2,0.05347515552166696,1.8199496553544001,1461.5213872777745
168G T3,0.07565489037388615,4.105231533341515,810.8077857198602
168G T4,0.06717117863662458,2.529846560042774,722.4341313455426
D118N T1,0.19226658647817985,24.572959597649522,198.35539492118738
D118N T2,0.1738887073786548,19.78776872059806,257.4186745000249
D118N T3,0.11869934537698847,14.538400249034908,443.63303975448036
D118N T4,0.17493744850676834,27.140218357232154,335.8507273958385
L82V T1,0.17158030269890098,14.475817332261078,456.48470712420806
L82V T2,0.22003055643310968,35.664397269011246,251.86036835120404
L82V T3,0.16738178442806506,17.246778338198766,392.5848969750782
