,top,bottom,hillslope,x_0
1_L82V-117G_AMP_t1,52.79462094390626,49.37915764797968,2.1158395907961483,1.5604591142215385
2_L82V-117G_AMP_t2,,,,
3_L82V-164G_AMP_t1,59.5913471228503,47.13304500713831,0.2560258158062726,17.330860631164985
4_L82V-164G_AMP_t2,52.09752487116427,48.04041157745117,1.294503393334775,0.5171221167925254
5_L82V-117-164G_AMP_t1,47.999999994979795,45.49999999574761,20.678803835771987,2.169577781839365
6_L82V-117-164G_AMP_t2,48.82326272741487,45.06081838992751,1.0313401809954794,0.4392893600953301
7_L82V_AMP_t1,56.91666668143537,52.66666666985559,24.349367047588597,0.0005552003325306435
8_L82V_AMP_t2,20.846921321188656,56.70000000328516,19.803776862989313,39.4310019746843
9_WT_AMP_t1,,,,
10_WT_AMP_t2,58.05398882650143,56.4936249279878,1.8920854527360076,3.8535890198756824
11_L82V-117G_ATP_t1,48.16666666642883,50.45833333351542,23.27928707778835,3.717550196062456
12_L82V-117G_ATP_t2,,,,
13_L82V-164G_ATP_t1,52.63702542145183,47.06356854233967,0.49651753717263364,0.014311525259256405
14_L82V-164G_ATP_t2,68.55635997330333,15.384702184555632,0.03794416235634131,3.9709113267757275e-09
15_L82V-117-164G_ATP_t1,56.62459451002924,19.545887612081266,0.0720117815615556,2.33259806505459e-09
16_L82V-117-164G_ATP_t2,49.49634885668046,45.19374275700875,4.470661195652734,0.18341483934769112
17_L82V_ATP_t1,51.49999912516432,57.78571427657053,20.24219362157551,21.920807418283882
18_L82V_ATP_t2,50.83331608972409,57.57692302514889,28.060822305515806,6.281908538064827
19_WT_ATP_t1,0.0005348004762649959,57.73333335594945,15.916953072484088,68.34065513568434
20_WT_ATP_t2,39.57471478241883,57.36666662877946,17.473836829997772,67.26496332757965
