,v_max,k_M,k_I
112-168G T1,0.026721035020561744,0.3248184148206585,279801812.90639496
112-168G T2,0.03991228978208401,1.578162711476418,8485.140889128385
112-168G T3,0.04879246522980812,5.518393458558423e-15,6178.752414685347
112-168G T4,0.038391300439162314,0.47239426940601675,243309498.3500698
117-164G T1,0.030009983502486938,0.6640088202304962,18495.892443508525
117-164G T2,0.022463948344853803,1.0451041410936905,469630999.1640731
117-164G T3,0.039903344222274234,4.820932367230146,2336.8377465733406
117-164G T4,0.039035425393489684,1.2904967685842474,329221972.5194133
WT T1,0.5917261612941646,32.61000913439887,1117.1368113590809
WT T2,0.8183141769824709,53.082201980763244,510.22866209766624
WT T3,0.5609750077987045,32.21002377944673,1292.6785757965033
WT T4,0.628043808026133,36.4108883904082,1050.0603294808063
112G T1,0.04440785071035552,3.3115135448196157e-12,1116.8372726542482
112G T2,0.05739845544305971,0.053749553935210574,524.8409835992002
112G T3,0.06460553145089197,0.2003646464820828,680.7536946412621
112G T4,0.0639204327911997,6.829203137237796e-21,368.8655345895564
117G T1,0.035404662328473314,0.3208319088569497,1840.1891389092843
117G T2,0.03349845001454333,0.7976947030480979,494408778.4577068
117G T3,0.025853769445644114,0.31315831464381605,1203.226838669528
117G T4,0.021773081989204506,0.6002415074984382,369430452.5023324
164G T1,0.04552151028047096,0.2701998564959324,21008.992867681238
164G T2,0.035434072676248624,8.401462920412406e-17,1532.4422079300368
164G T3,0.030767966280783546,2.8039029276976803e-30,43190112.122130126
164G T4,0.034311118789277076,0.5263263887645964,6161.359349245685
168G T1,0.04603437260506413,3.4138555082938887e-06,616.6836323957529
168G T2,0.049644071316032705,0.19116905418843713,1561.1139724661675
168G T3,0.06694768082775479,0.5008429037081438,844.4222693866853
168G T4,0.057151451905253135,0.06596354508629006,927.1212283713083
D118N T1,0.14156258868154975,3.0209234194501002,165.7347143303715
D118N T2,0.12483027241656494,2.0744081234502665,272.05556347860295
D118N T3,0.10440801996207069,2.5103615972008018,319.861677106211
D118N T4,0.1367759166923056,3.6638067459943207,304.0905270513323
L82V T1,0.1455399537123711,2.2311044327880847,385.0074402546582
L82V T2,0.15190176881039646,3.834606446150973,281.20571811074353
L82V T3,0.13665636207648355,2.4814191014588487,344.4463221374961
