,top,bottom,hillslope,x_0
1_L82V_AMP_t1,25.223202335108816,55.24999999905943,17.757870079491052,20.675451036516943
3_L82V_AMP_t2,57.88755662444625,55.00258268622832,1.8927700866694215,2.846093846951132
5_117-164G_AMP_t1,49.986641253873586,47.2423088143063,1.087054129995495,0.523061857919754
7_117-164G_AMP_t2,33.29782910394954,47.50000009907444,23.029521315061942,21.89561528481718
9_WT_AMP_t1,465753.4063711558,55.31926874198097,0.7913771984586039,82720414.53718445
11_WT_AMP_t2,59.352625191498085,55.019032894168646,0.26371365088924836,58.969507607852925
13_L82V_ATP_t1,60.3254129364887,55.07966240497933,1.244438852995414,0.11209996057817394
15_L82V_ATP_t2,60.80277255103974,54.91696241539658,0.912203034089963,0.15767309539018873
17_117-164G_ATP_t1,5.2368295842478965,49.15384595813543,15.495530512847232,16.00308562993953
19_117-164G_ATP_t2,34.624999504686855,46.86363632683252,20.36584719166694,1.4005971589229618
21_WT_ATP_t1,21.154428411482083,57.357148864993576,20.140423881237727,33.34214197396224
23_WT_ATP_t2,35.89999999561076,56.31818181963163,44.21153983157957,0.9770422260645206
