,v_max,k_M,k_I
117G,0.02125008386569463,1.0399838028608608e-21,56726582.39865655
164G,0.015333341594823833,0.40476735559892746,737668814.5506936
117-164G,0.01834258429243106,2.601382985142239e-22,12696.19014399914
