,top,bottom,hillslope,x_0
1_L82V_AMP_t1,57.090261382967086,54.94657447925206,2.2743712014923423,1.5012939408218935
3_L82V_AMP_t2,57.88755662444625,55.00258268622832,1.8927700866694215,2.846093846951132
5_117-164G_AMP_t1,49.98663666829278,47.24230991162725,1.0870626572663042,0.5230602932732797
7_117-164G_AMP_t2,50.171404131219546,46.79013439567428,1.5037498040421282,0.6273142773764624
9_WT_AMP_t1,57.644058053185546,55.27580737816408,2.8803200735057386,2.2552561279247847
11_WT_AMP_t2,59.351259823273544,55.019099790463684,0.2637636636143637,58.84122249019252
13_L82V_ATP_t1,60.32534722797752,55.07968802231943,1.244583493746706,0.11209585165846336
15_L82V_ATP_t2,60.802799708869266,54.916955642711294,0.9121830709228426,0.1576758249520893
17_117-164G_ATP_t1,61.51451803260078,46.25171339138161,0.39825616945664516,2.1754691130802764
19_117-164G_ATP_t2,34.624999504686855,46.86363632683252,20.36584719166694,1.4005971589229618
21_WT_ATP_t1,60.36486277313292,55.616957524017714,0.9850666151403047,0.13794808506725761
23_WT_ATP_t2,35.89999999561076,56.31818181963163,44.21153983157957,0.9770422260645206
