,v_max,k_M,k_I
117G T1,0.018732188858626844,1.5734217167121215e-21,73554676.68854518
117G T2,0.023767939488937666,6.172028035416011e-33,65715228.013904646
164G T1,0.017107462749796354,0.3754633400303959,932312649.1011794
164G T2,0.013544072504646624,0.42198672482926153,423585496.4019041
117-164G T1,0.020151381824089737,3.526971929448568e-11,1253.3671677125462
117-164G T2,0.018229409070524855,0.12384291571924835,465851523.10481215
